{
    "keep": {
        "days": true,
        "amount": 14
    },
    "auditLog": "logs\\.6b77785a74c362881f6fb7e95a7530280abbf9ed-audit.json",
    "files": [
        {
            "date": 1760958679807,
            "name": "logs\\error-2025-10-20.log",
            "hash": "cf4713ce8449f604378db551744166f49a5411c75f06f893b448a395373dbfd6"
        },
        {
            "date": 1760999110829,
            "name": "logs\\error-2025-10-21.log",
            "hash": "ba964c206bd120c8171c987765dd81550926f870704cabeb4dbf3e19171a00dc"
        },
        {
            "date": 1761110182964,
            "name": "logs\\error-2025-10-22.log",
            "hash": "a22cdec71358bedc9fe8612b7480d43743558dffb4f2cf7a99bf1f5cee92af7a"
        },
        {
            "date": 1761171469163,
            "name": "logs\\error-2025-10-23.log",
            "hash": "48d724e6de74ec31436ac623e42b67a184b1489403e544f5d2e982f9d3c3c0ab"
        },
        {
            "date": 1761291290289,
            "name": "logs\\error-2025-10-24.log",
            "hash": "b21885efbb7967722eb0560153375c9d175a8c2411493e5590d8b6aae2d7f5ed"
        }
    ],
    "hashType": "sha256"
}