{
    "keep": {
        "days": true,
        "amount": 14
    },
    "auditLog": "logs\\.ca6dad43b7d35307d69543a741eb24d3ce997028-audit.json",
    "files": [
        {
            "date": 1760958679810,
            "name": "logs\\combined-2025-10-20.log",
            "hash": "6c3ce62293014748d1a2c3ab1c297fd669c9bb51335c7cac04b084e349d87b4a"
        },
        {
            "date": 1760999110830,
            "name": "logs\\combined-2025-10-21.log",
            "hash": "704f74a36a2e9dfc208794ccc5927adc14c14a9a0bfc2c5bd1ab2d4bd167c59e"
        },
        {
            "date": 1761110182969,
            "name": "logs\\combined-2025-10-22.log",
            "hash": "5781cd313c32ea250a10c779c0885d5e15d365410f8044321f586c16c1378fa6"
        },
        {
            "date": 1761171469170,
            "name": "logs\\combined-2025-10-23.log",
            "hash": "bbb4b8326dcd7cca0babaa8278d1d6f0da52148a3995e142e3b0cd996ceba415"
        },
        {
            "date": 1761291290301,
            "name": "logs\\combined-2025-10-24.log",
            "hash": "d45af4d213e3c0cd3dce181067b9a3559996c2a4e0743de9eacdf3f93dafc3f6"
        }
    ],
    "hashType": "sha256"
}